{"3UMpcCyG1Dj0yDb377vu2K":{"tsne-one":0.5111263394,"tsne-two":8.346493721,"tsne-three":-0.4772850871},"3x4KIuoye6F12loCFckCX3":{"tsne-one":3.6667101383,"tsne-two":7.3727269173,"tsne-three":1.7279217243},"70NxaxjB8IjX4YxXbT90iX":{"tsne-one":-2.5034501553,"tsne-two":0.5793522,"tsne-three":4.111310482},"3tcoEYOZUHKB3RKNByIN13":{"tsne-one":0.5504311323,"tsne-two":8.5826425552,"tsne-three":-0.6745572686},"3QybPutx0Tjk472bBKjNWn":{"tsne-one":5.5222120285,"tsne-two":5.0353417397,"tsne-three":3.4146642685},"2bSk87AVkCIIC3Bcligq1z":{"tsne-one":3.1564033031,"tsne-two":-2.2667434216,"tsne-three":5.7657408714},"5PTG6rrL6EPFD9E2QMI2pl":{"tsne-one":0.0633406267,"tsne-two":6.0046892166,"tsne-three":-6.5344324112},"5lf3ajySox32qFvGEf2TFM":{"tsne-one":-2.7346560955,"tsne-two":3.4206609726,"tsne-three":5.3624005318},"27a1mYSG5tYg7dmEjWBcmL":{"tsne-one":-0.0539736934,"tsne-two":3.1438930035,"tsne-three":-2.1257655621},"2xLMifQCjDGFmkHkpNLD9h":{"tsne-one":-6.6949157715,"tsne-two":-2.4369390011,"tsne-three":4.355799675},"0U06Yqe0nkkJlptlr7O4uO":{"tsne-one":-0.6268591881,"tsne-two":6.6442351341,"tsne-three":1.0884364843},"7ycWLEP1GsNjVvcjawXz3z":{"tsne-one":6.0887031555,"tsne-two":-1.0092601776,"tsne-three":0.361510396},"628Ueb4sRiXApObhcU9iPU":{"tsne-one":-2.3262851238,"tsne-two":0.7016108632,"tsne-three":3.9710896015},"0TlLq3lA83rQOYtrqBqSct":{"tsne-one":3.7846126556,"tsne-two":-1.9256827831,"tsne-three":5.9550261497},"4q8JUr4eOWAxVeI4NqWz4s":{"tsne-one":5.6811728477,"tsne-two":5.553882122,"tsne-three":3.9435088634},"6vN77lE9LK6HP2DewaN6HZ":{"tsne-one":7.8048233986,"tsne-two":1.4160865545,"tsne-three":-1.8778780699},"0Fpen1PTuEnCmOJtUU9Iud":{"tsne-one":-7.2419986725,"tsne-two":-2.6875424385,"tsne-three":4.2586569786},"0B8QzDH7YWih85V5SEMnyJ":{"tsne-one":4.1559910774,"tsne-two":-2.4656002522,"tsne-three":2.4340527058},"6Q1NPLtp9IzcXmCutp3Qmo":{"tsne-one":4.1275753975,"tsne-two":-2.5148618221,"tsne-three":2.477108717},"1f5cbQtDrykjarZVrShaDI":{"tsne-one":-4.7970571518,"tsne-two":0.5519384146,"tsne-three":-7.3174600601},"7sO5G9EABYOXQKNPNiE9NR":{"tsne-one":3.502915144,"tsne-two":-0.6256495714,"tsne-three":6.8367714882},"2ZLSnT49tvHVEhrhsrw483":{"tsne-one":-1.3111492395,"tsne-two":5.8374834061,"tsne-three":0.5601220131},"3LUPftNsM4KOk7kINY8keB":{"tsne-one":3.4723339081,"tsne-two":1.0772585869,"tsne-three":-1.2958812714},"33tNYw9oMtSkGe27NpgS64":{"tsne-one":-2.2208328247,"tsne-two":-0.796859622,"tsne-three":1.4531340599},"4S8d14HvHb70ImctNgVzQQ":{"tsne-one":4.3766355515,"tsne-two":0.1685603112,"tsne-three":4.7160105705},"1BxkZE73h9BN3qwuA15TA3":{"tsne-one":0.3123469949,"tsne-two":10.2888631821,"tsne-three":2.5969336033},"59J5nzL1KniFHnU120dQzt":{"tsne-one":-1.7325586081,"tsne-two":3.0897266865,"tsne-three":6.4881672859},"20bLudc6r1NChyZcrjRd7T":{"tsne-one":6.9901399612,"tsne-two":-0.3021769226,"tsne-three":-0.6378551722},"4B8T2F8aKcuMW6EmNnbMY9":{"tsne-one":4.0216932297,"tsne-two":0.0410909764,"tsne-three":4.8078103065},"1u8W15iCBmS1dK4cNrBHgk":{"tsne-one":5.816259861,"tsne-two":6.9307918549,"tsne-three":-2.1146390438},"2XaInsPPUkZRkY4uFJ3AHK":{"tsne-one":-1.003657341,"tsne-two":-0.1022098809,"tsne-three":2.2516386509},"4DTpngLjoHj5gFxEZFeD3J":{"tsne-one":3.468080759,"tsne-two":1.0532495975,"tsne-three":-1.3174878359},"6wWaVoUOzLQJHd3bWAUpdZ":{"tsne-one":0.208397612,"tsne-two":5.4989871979,"tsne-three":-4.920042038},"6yz0Jndhv0QjKdpcEMbOjz":{"tsne-one":0.4981269538,"tsne-two":3.5448732376,"tsne-three":-2.1108949184},"4mHgYpuGHu99Mw69E83CP2":{"tsne-one":5.5230693817,"tsne-two":-0.6867018938,"tsne-three":-0.4966787398},"0JYAsQJWIuaYUvZGF1qapT":{"tsne-one":-8.4252490997,"tsne-two":-0.2286213636,"tsne-three":-3.7780721188},"69PkhA9q3xCWU2CzoZnLAu":{"tsne-one":-0.4457831681,"tsne-two":6.440243721,"tsne-three":0.4218261838},"1rlIrbWboTRGeKfHhgbJRZ":{"tsne-one":-3.6498289108,"tsne-two":3.5874171257,"tsne-three":5.304066658},"7l3E7lcozEodtVsSTCkcaA":{"tsne-one":1.6867991686,"tsne-two":4.1516804695,"tsne-three":-3.5087094307},"3edzl4zvKFi0D3iuF6cs2f":{"tsne-one":-1.4522701502,"tsne-two":3.1813967228,"tsne-three":-1.9648438692},"4MAsYGSgxsaj73dC2lvFC4":{"tsne-one":-2.1715078354,"tsne-two":-0.7341791391,"tsne-three":1.4191024303},"3F57PtOdqRpD6euFYqtKXX":{"tsne-one":4.1742901802,"tsne-two":0.1067108959,"tsne-three":4.6368331909},"1dQ84P0W0lOckT02lPEhhP":{"tsne-one":-3.4784798622,"tsne-two":4.551217556,"tsne-three":6.0637216568},"2jBQmxZpQxF8jJfEdjJ9Qv":{"tsne-one":-4.8750085831,"tsne-two":7.3939890862,"tsne-three":-2.1790137291},"04MLEeAMuV9IlHEsD8vF6A":{"tsne-one":-1.0548962355,"tsne-two":3.1331984997,"tsne-three":-1.7826129198},"0UgavZ34yLBu8LtA6Bwxch":{"tsne-one":1.415148735,"tsne-two":3.3122177124,"tsne-three":-1.6185450554},"4XRNrCApRBIeOZ5bYqo4lE":{"tsne-one":7.8020448685,"tsne-two":-3.7361474037,"tsne-three":-3.1540327072},"3bJS7RCjB6aNp5J219AmN3":{"tsne-one":4.2677321434,"tsne-two":-7.521625042,"tsne-three":-1.4681509733},"20BSdaBpIUvUv6PUvqJN8l":{"tsne-one":3.2686126232,"tsne-two":-0.9964430928,"tsne-three":5.378780365},"1jQvUmf16VE9WQCPuK2e8K":{"tsne-one":4.2827310562,"tsne-two":8.2524957657,"tsne-three":0.0010117739}}